City_ID,City,Country,Lat,Lng,Max Temp,Humidity,Cloudiness,Wind Speed,Current Description
0,Tome,CL,-36.6167,-72.95,47.12,79,34,5.32,scattered clouds
1,Kodiak,US,57.79,-152.4072,44.76,98,100,2.8,overcast clouds
2,Bani Walid,LY,31.7566,13.9942,66.34,72,64,7.65,broken clouds
3,Chokurdakh,RU,70.6333,147.9167,62.1,27,11,14.38,few clouds
4,Petropavlovsk-Kamchatskiy,RU,53.0452,158.6483,52.39,54,20,10.94,few clouds
5,Newport,GB,51.5877,-2.9984,55.53,82,2,6.91,clear sky
6,Puerto Ayora,EC,-0.7393,-90.3518,73.54,88,13,5.01,few clouds
7,Cardston,CA,49.2,-113.3019,59.04,47,39,8.1,scattered clouds
8,Mahebourg,MU,-20.4081,57.7,74.25,82,15,7.05,few clouds
9,Grindavik,IS,63.8424,-22.4338,46.87,100,90,33.13,heavy intensity rain
10,Albany,US,42.6001,-73.9662,48.63,85,100,1.63,overcast clouds
11,Hithadhoo,MV,-0.6,73.0833,83.34,72,52,17.18,broken clouds
12,Codrington,AU,-38.2667,141.9667,56.93,52,6,6.71,clear sky
13,Cape Town,ZA,-33.9258,18.4232,54.12,100,20,4.79,few clouds
14,Denpasar,ID,-8.65,115.2167,83.86,79,20,6.85,few clouds
15,Homer,US,59.6425,-151.5483,49.8,76,100,14.0,light rain
16,Orchard Homes,US,46.8633,-114.0484,62.74,45,1,8.05,clear sky
17,Bredasdorp,ZA,-34.5322,20.0403,48.27,92,81,3.04,broken clouds
18,Sturgeon Falls,CA,46.3646,-79.9326,47.55,58,0,6.08,clear sky
19,Severo-Kurilsk,RU,50.6789,156.125,41.94,88,100,10.18,overcast clouds
20,Bambous Virieux,MU,-20.3428,57.7575,74.21,81,26,6.89,scattered clouds
21,Thompson,CA,55.7435,-97.8558,51.96,93,75,6.91,broken clouds
22,Tasiilaq,GL,65.6145,-37.6368,37.56,96,100,18.72,light rain
23,Rumoi,JP,43.9344,141.6428,52.18,83,100,12.06,overcast clouds
24,Ribeira Grande,PT,38.5167,-28.7,64.06,79,100,5.68,overcast clouds
25,Leningradskiy,RU,69.3833,178.4167,37.62,97,90,6.15,overcast clouds
26,Upernavik,GL,72.7868,-56.1549,30.99,94,100,15.97,overcast clouds
27,Busselton,AU,-33.65,115.3333,58.05,79,64,20.24,broken clouds
28,Mataura,NZ,-46.1927,168.8643,49.48,96,100,5.79,overcast clouds
29,Airai,TL,-8.9266,125.4092,73.36,49,86,2.44,overcast clouds
30,Santa Fe,AR,-31.6333,-60.7,53.01,67,0,1.99,clear sky
31,Arraial Do Cabo,BR,-22.9661,-42.0278,74.88,87,45,2.46,scattered clouds
32,Hermanus,ZA,-34.4187,19.2345,53.91,80,92,4.14,overcast clouds
33,Hokitika,NZ,-42.7167,170.9667,49.21,87,100,8.01,moderate rain
34,Bud,US,39.447,-86.1758,53.98,72,4,6.82,clear sky
35,Esperance,AU,-33.8667,121.9,64.72,64,0,19.39,clear sky
36,Muros,ES,42.7762,-9.0603,63.84,71,24,10.13,few clouds
37,Grafton,US,42.207,-71.6856,47.5,85,100,8.97,overcast clouds
38,Talaya,RU,61.3833,152.75,48.92,50,77,12.26,broken clouds
39,Zeya,RU,53.75,127.2667,51.22,88,100,1.01,light rain
40,Hasaki,JP,35.7333,140.8333,78.19,79,100,16.93,overcast clouds
41,Carauari,BR,-4.8828,-66.8958,74.97,92,55,0.43,broken clouds
42,Port Alfred,ZA,-33.5906,26.891,57.49,83,89,10.69,light rain
43,Roma,US,43.2128,-75.4557,53.83,80,1,4.61,clear sky
44,Pemangkat,ID,1.1667,108.9667,85.17,67,17,1.25,few clouds
45,Mar Del Plata,AR,-38.0023,-57.5575,43.12,58,14,11.99,few clouds
46,Vaini,TO,-21.2,-175.2,77.9,84,62,13.73,light rain
47,Ushuaia,AR,-54.8,-68.3,22.87,98,94,4.0,light snow
48,Cabo San Lucas,MX,22.8909,-109.9124,89.82,59,59,16.62,broken clouds
49,Taranagar,IN,28.6709,75.0351,97.14,28,2,13.94,clear sky
50,Necochea,AR,-38.5473,-58.7368,40.03,56,49,16.69,scattered clouds
51,Yellowknife,CA,62.456,-114.3525,49.32,49,94,7.09,overcast clouds
52,Qurayyat,SA,31.3318,37.3428,67.41,42,31,7.61,scattered clouds
53,Saldanha,ZA,-33.0117,17.9442,56.53,83,0,2.84,clear sky
54,Lar,IN,26.2039,83.9717,86.34,66,22,6.91,few clouds
55,Saint-Philippe,RE,-21.3585,55.7679,67.59,79,0,5.28,clear sky
56,Bethel,US,41.3712,-73.414,47.71,84,100,4.0,overcast clouds
57,Hambantota,LK,6.1241,81.1185,82.74,83,40,22.95,scattered clouds
58,Jamestown,US,42.097,-79.2353,47.71,91,100,1.01,moderate rain
59,Byron Bay,AU,-28.65,153.6167,67.95,77,100,17.09,overcast clouds
60,Carahue,CL,-38.7,-73.1667,44.98,83,62,2.28,broken clouds
61,East London,ZA,-33.0153,27.9116,57.56,84,57,12.55,moderate rain
62,Tuktoyaktuk,CA,69.4541,-133.0374,32.09,81,37,6.24,scattered clouds
63,Trabzon,TR,40.9167,39.8333,57.29,94,75,2.3,broken clouds
64,Otake,JP,34.2,132.2167,74.01,48,32,4.54,scattered clouds
65,Belinskiy,RU,52.9647,43.4165,62.89,84,83,4.74,broken clouds
66,Nikolskoye,RU,59.7035,30.7861,46.29,72,6,4.05,clear sky
67,Anadyr,RU,64.75,177.4833,37.27,66,43,4.43,scattered clouds
68,Butaritari,KI,3.0707,172.7902,83.1,78,93,15.14,overcast clouds
69,Aklavik,CA,68.2191,-135.0107,37.42,56,99,8.88,overcast clouds
70,Hobart,AU,-42.8794,147.3294,57.25,67,75,1.99,broken clouds
71,Quang Ngai,VN,15.1167,108.8,97.54,43,50,5.23,scattered clouds
72,Dunedin,NZ,-45.8742,170.5036,50.81,97,100,9.48,light rain
73,Zheleznodorozhnyy,RU,55.7503,38.0042,46.58,82,100,11.83,overcast clouds
74,Tallahassee,US,30.4383,-84.2807,78.64,69,84,6.55,broken clouds
75,Bemidji,US,47.4736,-94.8803,55.56,61,40,5.75,scattered clouds
76,Rikitea,PF,-23.1203,-134.9692,76.5,86,100,24.23,light rain
77,Tuatapere,NZ,-46.1333,167.6833,49.82,93,100,8.72,light rain
78,Los Llanos De Aridane,ES,28.6585,-17.9182,64.15,81,20,14.41,few clouds
79,Yulara,AU,-25.2406,130.9889,65.52,28,100,12.64,overcast clouds
80,Sarakhs,IR,36.5449,61.1577,92.32,12,0,2.17,clear sky
81,Batagay,RU,67.6333,134.6333,51.17,58,99,9.08,overcast clouds
82,Geraldton,AU,-28.7667,114.6,65.12,82,75,19.57,broken clouds
83,Kiama,AU,-34.6833,150.8667,62.38,62,87,5.99,overcast clouds
84,Punta Arenas,CL,-53.15,-70.9167,33.12,64,59,12.39,broken clouds
85,Bluff,NZ,-46.6,168.3333,49.8,92,100,22.66,light rain
86,Kapaa,US,22.0752,-159.319,80.58,67,86,1.01,overcast clouds
87,Mugango,TZ,-1.6833,33.7,69.19,76,91,4.94,overcast clouds
88,Tripoli,LY,32.8752,13.1875,68.95,76,86,11.79,overcast clouds
89,Mokhotlong,LS,-29.2894,29.0675,31.98,69,14,2.84,few clouds
90,Kahului,US,20.8947,-156.47,79.97,80,81,5.99,broken clouds
91,Altus,US,34.6381,-99.334,71.67,66,40,9.22,scattered clouds
92,Port Hardy,CA,50.6996,-127.4199,53.91,76,99,8.39,overcast clouds
93,Victoria,HK,22.2855,114.1577,89.65,79,100,1.01,overcast clouds
94,Hobyo,SO,5.3505,48.5268,78.31,82,95,18.63,overcast clouds
95,Shakawe,BW,-18.3667,21.85,49.95,38,0,3.13,clear sky
96,Ukiah,US,39.1502,-123.2078,79.52,50,1,11.5,clear sky
97,Cayenne,GF,4.9333,-52.3333,79.09,89,75,1.01,broken clouds
98,Saskylakh,RU,71.9167,114.0833,39.18,83,36,8.9,scattered clouds
99,Ancud,CL,-41.8697,-73.8203,50.23,88,100,9.15,light rain
100,Iracoubo,GF,5.4802,-53.2011,77.05,91,77,9.33,broken clouds
101,Cherskiy,RU,68.75,161.3,60.96,31,77,10.69,broken clouds
102,Dikson,RU,73.5069,80.5464,27.18,85,68,5.91,broken clouds
103,Noumea,NC,-22.2763,166.4572,71.58,64,84,13.35,broken clouds
104,Atuona,PF,-9.8,-139.0333,79.32,70,33,8.05,scattered clouds
105,Padang,ID,-0.9492,100.3543,86.05,66,82,2.57,broken clouds
106,Sibolga,ID,1.7427,98.7792,85.39,64,93,3.0,overcast clouds
107,Asau,RO,46.4333,26.4,53.96,100,100,1.7,overcast clouds
108,Lagoa,PT,39.05,-27.9833,62.56,80,49,6.51,scattered clouds
109,Saint-Augustin,CA,51.226,-58.6502,46.15,61,10,6.46,clear sky
110,Constitucion,CL,-35.3333,-72.4167,50.58,77,79,6.87,broken clouds
111,Castro,BR,-24.7911,-50.0119,59.36,92,19,2.15,light rain
112,Vardo,NO,70.3705,31.1107,41.05,79,100,19.89,overcast clouds
113,Nikolayevsk-Na-Amure,RU,53.1406,140.73,52.79,64,97,8.32,overcast clouds
114,Deputatskiy,RU,69.3,139.9,53.92,36,63,20.13,broken clouds
115,Hirara,JP,24.8,125.2833,79.7,85,100,4.59,overcast clouds
116,Kaitangata,NZ,-46.2817,169.8464,50.09,98,100,10.56,overcast clouds
117,Klaksvik,FO,62.2266,-6.589,45.52,86,100,12.15,overcast clouds
118,Vanimo,PG,-2.6741,141.3028,84.65,75,93,6.85,light rain
119,Hilo,US,19.7297,-155.09,77.79,94,81,10.11,moderate rain
120,Khurba,RU,50.4072,136.8819,56.16,61,100,5.73,overcast clouds
121,Ilulissat,GL,69.2167,-51.1,48.22,27,66,18.41,broken clouds
122,Curitibanos,BR,-27.2828,-50.5844,48.6,100,39,1.79,scattered clouds
123,Talnakh,RU,69.4865,88.3972,30.58,96,79,6.38,broken clouds
124,Saint Anthony,US,45.0205,-93.218,60.73,44,40,1.99,scattered clouds
125,Lavrentiya,RU,65.5833,-171.0,35.8,86,17,7.74,few clouds
126,Sitka,US,57.0531,-135.33,52.32,74,100,4.36,overcast clouds
127,Ponta Do Sol,PT,32.6667,-17.1,69.01,76,60,6.13,broken clouds
128,Erzin,TR,36.9559,36.2,68.72,88,57,1.92,broken clouds
129,Longyearbyen,SJ,78.2186,15.6401,31.84,74,75,5.75,broken clouds
130,New Norfolk,AU,-42.7826,147.0587,56.91,52,3,2.75,clear sky
131,Georgetown,MY,5.4112,100.3354,88.9,72,20,1.01,few clouds
132,Mae Sai,TH,20.4335,99.8762,86.45,79,97,3.11,overcast clouds
133,Pisco,PE,-13.7,-76.2167,66.02,88,88,4.45,overcast clouds
134,Lorengau,PG,-2.0226,147.2712,83.48,81,34,10.96,scattered clouds
135,Batagay-Alyta,RU,67.8006,130.4114,49.64,50,45,19.48,scattered clouds
136,Solnechnyy,RU,50.7214,136.6319,52.81,67,100,1.9,overcast clouds
137,Upington,ZA,-28.4478,21.2561,47.95,65,100,5.95,overcast clouds
138,Clyde River,CA,70.4692,-68.5914,19.11,87,5,4.16,clear sky
139,Plettenberg Bay,ZA,-34.0527,23.3716,55.56,86,100,5.75,light rain
140,Khatanga,RU,71.9667,102.5,50.32,73,44,6.22,scattered clouds
141,Havre-Saint-Pierre,CA,50.2334,-63.5986,43.09,73,62,7.18,broken clouds
142,Bahia De Caraquez,EC,-0.6,-80.4167,74.48,88,83,6.71,broken clouds
143,Srednekolymsk,RU,67.45,153.6833,63.25,27,14,13.18,few clouds
144,Katangli,RU,51.7102,143.2326,41.68,77,88,14.36,overcast clouds
145,Rafai,CF,4.95,23.9167,68.38,97,86,1.7,overcast clouds
146,Saint-Pierre,RE,-21.3393,55.4781,67.68,56,0,6.91,clear sky
147,Cidreira,BR,-30.1811,-50.2056,55.85,74,7,12.62,clear sky
148,Caxias,PT,38.7031,-9.2767,62.24,80,20,1.99,few clouds
149,Aripuana,BR,-9.1667,-60.6333,71.83,64,8,1.14,clear sky
150,Kalmunai,LK,7.4167,81.8167,84.22,70,99,2.73,overcast clouds
151,Kruisfontein,ZA,-34.0033,24.7314,52.88,91,64,2.17,light rain
152,Novyy Urengoy,RU,66.0833,76.6333,54.68,77,100,9.35,overcast clouds
153,Avarua,CK,-21.2078,-159.775,77.05,61,20,5.75,few clouds
154,Faanui,PF,-16.4833,-151.75,80.26,70,84,9.89,broken clouds
155,Harper,LR,4.375,-7.7169,79.27,88,72,8.41,moderate rain
156,Sokoni,TZ,-6.4333,39.55,77.67,76,76,8.88,light rain
157,Beloha,MG,-25.1667,45.05,61.68,87,0,5.3,clear sky
158,Mari-Turek,RU,56.7895,49.6235,55.42,91,52,13.85,broken clouds
159,Bandar-E Lengeh,IR,26.5579,54.8807,87.76,66,0,11.5,clear sky
160,Nome,US,64.5011,-165.4064,53.11,32,0,18.23,clear sky
161,Milton,US,34.1322,-84.3007,64.38,74,1,1.99,clear sky
162,Kolyshley,RU,52.7005,44.5367,66.11,78,24,3.87,few clouds
163,Mackenzie,CA,55.2999,-123.1698,58.91,44,82,5.84,broken clouds
164,Sao Filipe,CV,14.8961,-24.4956,72.66,79,92,11.39,overcast clouds
165,Volokonovka,RU,50.4827,37.8563,60.57,95,99,4.18,moderate rain
166,Bengkulu,ID,-3.8004,102.2655,82.29,68,100,0.69,overcast clouds
167,Champerico,GT,14.3,-91.9167,82.35,73,64,6.58,broken clouds
168,Kavieng,PG,-2.5744,150.7967,83.62,78,90,13.62,light rain
169,Kieta,PG,-6.2167,155.6333,82.83,74,47,3.8,light rain
170,Halifax,CA,44.6453,-63.5724,41.68,91,100,1.99,overcast clouds
171,Seoul,KR,37.5683,126.9778,71.04,33,4,2.44,clear sky
172,Tatarsk,RU,55.219,75.9828,68.14,44,6,11.01,clear sky
173,Grand Gaube,MU,-20.0064,57.6608,74.37,88,25,3.0,scattered clouds
174,San Cristobal,VE,7.7669,-72.225,65.71,97,99,1.25,overcast clouds
175,Banda Aceh,ID,5.5577,95.3222,82.9,74,100,10.29,light rain
176,Santa Maria,BR,-29.6842,-53.8069,48.02,86,0,1.36,clear sky
177,Ostrovnoy,RU,68.0531,39.5131,36.63,81,85,15.59,overcast clouds
178,Ucluelet,CA,48.9329,-125.5528,67.08,75,89,1.99,overcast clouds
179,Norman Wells,CA,65.282,-126.8329,39.18,70,99,5.88,overcast clouds
180,Oriental,MX,19.3667,-97.6167,61.36,78,89,6.38,overcast clouds
181,Mahibadhoo,MV,3.7833,72.9667,83.77,72,66,20.11,broken clouds
182,Provideniya,RU,64.3833,-173.3,47.01,43,0,6.17,clear sky
183,Wakkanai,JP,45.4094,141.6739,42.1,94,100,19.95,overcast clouds
184,Wewak,PG,-3.5534,143.6268,83.5,77,100,8.79,overcast clouds
185,Progreso,MX,21.2833,-89.6667,82.51,83,5,12.53,clear sky
186,Nagamangala,IN,12.8156,76.7575,74.89,70,74,10.85,broken clouds
187,Pingliang,CN,35.5392,106.6861,83.48,19,19,3.65,few clouds
188,Barrow,US,71.2906,-156.7887,28.42,93,90,10.36,overcast clouds
189,Zyryanka,RU,65.75,150.85,62.69,34,3,20.85,clear sky
190,Junction City,US,39.0286,-96.8314,56.8,83,1,1.99,clear sky
191,Caravelas,BR,-17.7125,-39.2481,73.65,91,10,5.73,clear sky
192,Souillac,MU,-20.5167,57.5167,74.35,87,6,7.38,clear sky
193,Mercedes,AR,-34.6515,-59.4307,46.02,66,100,6.44,overcast clouds
194,Labuhan,ID,-6.8844,112.2051,85.23,66,83,2.55,broken clouds
195,Buraydah,SA,26.326,43.975,86.02,16,0,7.92,clear sky
196,Shu,KZ,43.5983,73.7614,77.23,41,79,4.52,broken clouds
197,Saint-Francois,FR,46.4154,3.9054,47.68,83,0,0.0,clear sky
198,Sistranda,NO,63.7256,8.834,47.89,84,10,6.93,clear sky
199,Mackay,AU,-21.15,149.2,73.69,76,49,18.59,scattered clouds
200,Tchollire,CM,8.4022,14.1698,76.53,62,86,3.58,overcast clouds
201,Charters Towers,AU,-20.1,146.2667,75.06,46,29,12.62,scattered clouds
202,Povenets,RU,62.8487,34.8262,38.52,71,8,5.01,clear sky
203,Henties Bay,NA,-22.116,14.2845,55.85,91,80,7.45,broken clouds
204,Kaspiyskiy,RU,45.3929,47.3707,74.95,56,55,8.41,broken clouds
205,Gladstone,AU,-23.85,151.25,76.78,35,94,12.66,overcast clouds
206,Nanortalik,GL,60.1432,-45.2371,35.56,98,100,6.46,light rain
207,Verkhnyaya Inta,RU,65.9811,60.3094,40.75,52,100,11.01,overcast clouds
208,Makakilo City,US,21.3469,-158.0858,78.69,64,69,4.74,broken clouds
209,San Juan,AR,-31.5375,-68.5364,62.73,49,0,4.76,clear sky
210,Boralday,KZ,43.3578,76.8594,71.46,56,40,4.29,scattered clouds
211,Tucurui,BR,-3.7661,-49.6725,76.19,79,85,3.22,overcast clouds
212,Toora-Khem,RU,52.4675,96.11,43.39,52,100,9.73,overcast clouds
213,Atambua,ID,-9.1061,124.8925,82.42,54,87,2.33,overcast clouds
214,Vila Franca Do Campo,PT,37.7167,-25.4333,63.01,87,40,5.48,scattered clouds
215,Mogadishu,SO,2.0371,45.3438,77.76,81,93,11.48,overcast clouds
216,Arona,ES,28.0996,-16.681,60.82,70,20,3.0,few clouds
217,Garoua,CM,9.3,13.4,81.77,54,39,3.91,scattered clouds
218,Krasnoarmeysk,RU,51.0239,45.6969,67.06,82,16,7.7,few clouds
219,Kattivakkam,IN,13.2167,80.3167,89.08,69,58,4.97,broken clouds
220,Namatanai,PG,-3.6667,152.4333,83.75,73,67,6.26,light rain
221,Sakakah,SA,29.9697,40.2064,80.42,18,93,6.11,overcast clouds
222,Saint-Joseph,RE,-21.3667,55.6167,66.58,75,0,6.2,clear sky
223,San Andres,CO,12.5847,-81.7006,81.39,76,13,14.34,few clouds
224,Amparafaravola,MG,-17.5833,48.2167,57.51,97,0,0.96,clear sky
225,Methoni,GR,36.8197,21.7049,68.22,72,100,0.74,overcast clouds
226,Richards Bay,ZA,-28.783,32.0377,60.85,90,19,5.57,few clouds
227,Port Elizabeth,ZA,-33.918,25.5701,55.09,81,86,5.37,light rain
228,Narsaq,GL,60.9167,-46.05,39.42,98,100,3.71,light rain
229,Pochutla,MX,15.7432,-96.4661,77.83,77,28,1.52,scattered clouds
230,Muromtsevo,RU,56.3724,75.2418,69.04,46,12,9.24,few clouds
231,Anyang,CN,36.0994,114.3289,83.8,21,8,8.32,clear sky
232,Skibbereen,IE,51.55,-9.2667,51.6,90,100,5.55,overcast clouds
233,Brae,GB,60.3964,-1.353,44.51,93,88,4.85,overcast clouds
234,Jalu,LY,29.0331,21.5482,80.22,35,0,8.46,clear sky
235,Angoche,MZ,-16.2325,39.9086,69.06,91,4,5.61,clear sky
236,Teguldet,RU,57.3064,88.1667,51.3,34,9,3.85,clear sky
237,Gamboma,CG,-1.8764,15.8644,74.73,82,94,1.45,overcast clouds
238,Thinadhoo,MV,0.5333,72.9333,83.68,72,67,19.55,broken clouds
239,Valkeala,FI,60.9401,26.7979,46.31,75,4,3.44,clear sky
240,Derzhavinsk,KZ,51.1,66.3167,71.58,36,89,9.73,overcast clouds
241,Omboue,GA,-1.5746,9.2618,75.92,94,95,6.31,overcast clouds
242,Morada Nova,BR,-5.1067,-38.3725,73.49,88,10,1.63,clear sky
243,Kutum,SD,14.2,24.6667,77.13,14,54,10.76,broken clouds
244,Yar-Sale,RU,66.8333,70.8333,46.24,58,75,5.41,broken clouds
245,Namibe,AO,-15.1961,12.1522,73.31,57,51,6.62,broken clouds
246,Ibra,OM,22.6906,58.5334,85.24,40,22,1.12,few clouds
247,Lompoc,US,34.6391,-120.4579,63.79,74,90,11.5,overcast clouds
248,Pangnirtung,CA,66.1451,-65.7125,18.68,90,8,6.22,clear sky
249,Saint George,US,37.1041,-113.5841,82.26,11,100,5.48,overcast clouds
250,Joao Camara,BR,-5.5375,-35.8197,70.81,83,13,10.29,few clouds
251,Kilrush,IE,52.6397,-9.4833,46.89,93,81,5.91,broken clouds
252,Tiksi,RU,71.6872,128.8694,35.44,86,18,9.71,few clouds
253,Bilma,NE,18.6853,12.9164,86.56,9,0,4.9,clear sky
254,Abrau-Dyurso,RU,44.69,37.59,62.06,92,71,12.97,light rain
255,Santa Teresita,PH,13.8664,120.9814,92.14,53,6,6.78,clear sky
256,Haines Junction,CA,60.7522,-137.5108,45.07,71,100,8.32,overcast clouds
257,Oliveira,BR,-20.6964,-44.8272,63.03,81,51,2.37,broken clouds
258,Virginia Beach,US,36.8529,-75.978,60.01,93,100,1.99,light rain
259,Malanje,AO,-9.5402,16.341,57.79,59,18,5.06,few clouds
260,Aguimes,ES,27.9054,-15.4461,65.03,77,20,21.85,few clouds
261,Havelock,US,34.8791,-76.9013,76.95,88,40,10.36,scattered clouds
262,Gallup,US,35.5281,-108.7426,71.02,6,1,1.99,clear sky
263,Khorinsk,RU,52.1657,109.7726,53.38,24,89,13.35,overcast clouds
264,Faya,SA,18.3851,42.4509,64.92,38,21,3.0,few clouds
265,Sambava,MG,-14.2667,50.1667,71.73,85,4,7.31,clear sky
266,Tautira,PF,-17.7333,-149.15,84.22,69,41,14.43,scattered clouds
267,Taoudenni,ML,22.6783,-3.9836,93.97,9,57,4.14,broken clouds
268,Lakhipur,IN,26.0299,90.3041,88.27,60,13,4.97,few clouds
269,Pangai,TO,-19.8,-174.35,79.79,78,16,8.59,few clouds
270,Umm Kaddadah,SD,13.6017,26.6876,86.56,15,4,19.01,clear sky
271,Tabory,RU,58.5198,64.5495,70.88,41,6,10.13,clear sky
272,Morondava,MG,-20.2833,44.2833,66.67,85,0,6.44,clear sky
273,Srivardhan,IN,18.0333,73.0167,85.33,71,88,2.73,overcast clouds
274,Vestmannaeyjar,IS,63.4427,-20.2734,45.9,92,100,33.82,moderate rain
275,Chuy,UY,-33.6971,-53.4616,42.91,69,35,10.22,scattered clouds
276,Sangmelima,CM,2.9333,11.9833,67.28,96,58,1.66,broken clouds
277,Mehamn,NO,71.0357,27.8492,40.46,88,100,26.55,overcast clouds
278,Iqaluit,CA,63.7506,-68.5145,26.33,86,75,6.91,broken clouds
279,Plavsk,RU,53.7094,37.2919,48.87,94,100,16.8,light rain
280,Vao,NC,-22.6667,167.4833,69.96,66,71,20.85,broken clouds
281,Alice Springs,AU,-23.7,133.8833,62.15,34,54,10.4,broken clouds
282,Kibaya,TZ,-5.3,36.5667,51.33,98,72,2.42,broken clouds
283,Sabancuy,MX,18.9667,-91.1833,82.51,79,16,13.96,few clouds
284,Pauri,IN,30.15,78.7833,73.9,66,0,0.27,clear sky
285,Pueblo,US,38.2545,-104.6091,67.73,67,100,3.0,overcast clouds
286,Malko Tarnovo,BG,41.9833,27.5333,51.78,79,94,1.52,overcast clouds
287,Baringo,KE,0.4667,35.9667,68.34,75,93,1.59,overcast clouds
288,Rocha,UY,-34.4833,-54.3333,43.47,62,33,11.63,scattered clouds
289,Fare,PF,-16.7,-151.0167,80.46,68,76,10.83,broken clouds
290,Nurota,UZ,40.5614,65.6886,84.29,17,0,3.42,clear sky
291,Natal,BR,-5.795,-35.2094,74.37,83,9,9.89,clear sky
292,Along,IN,28.1667,94.7667,74.12,96,100,1.28,overcast clouds
293,Hofn,IS,64.2539,-15.2082,45.03,93,100,8.86,overcast clouds
294,Salinopolis,BR,-0.6136,-47.3561,77.74,87,27,8.84,scattered clouds
295,Kondopoga,RU,62.2057,34.2614,38.3,69,6,3.74,clear sky
296,Semey,KZ,50.4111,80.2275,66.42,27,0,11.18,clear sky
297,Katsuura,JP,35.1333,140.3,78.24,75,100,4.36,overcast clouds
298,Mandera,KE,3.9366,41.867,77.36,64,84,10.2,broken clouds
299,Houma,US,29.5958,-90.7195,77.0,89,1,0.0,clear sky
300,Alofi,NU,-19.0595,-169.9187,79.81,76,59,11.18,moderate rain
301,High Rock,BS,26.6208,-78.2833,78.84,72,1,14.65,clear sky
302,Winthrop,US,42.3751,-70.9828,49.95,84,100,3.0,overcast clouds
303,Gashua,NG,12.871,11.0482,81.34,43,6,5.59,clear sky
304,Burnie,AU,-41.0667,145.9167,55.92,63,12,2.66,few clouds
305,Spearfish,US,44.4908,-103.8594,57.42,54,1,3.44,clear sky
306,Lachute,CA,45.6501,-74.3325,52.36,67,0,5.79,clear sky
307,Urumqi,CN,43.801,87.6005,72.55,33,0,9.75,clear sky
308,Fortuna,US,40.5982,-124.1573,56.66,65,90,5.01,overcast clouds
309,Ixtapa,MX,20.7,-105.2,79.23,83,1,0.0,clear sky
310,Comodoro Rivadavia,AR,-45.8667,-67.5,39.06,60,0,8.05,clear sky
311,Coquimbo,CL,-29.9533,-71.3436,55.13,87,75,2.26,broken clouds
312,Asyut,EG,27.181,31.1837,75.47,30,27,4.14,scattered clouds
313,Ndele,CF,8.4109,20.6473,80.02,58,100,7.7,overcast clouds
314,Grootfontein,NA,-19.5667,18.1167,50.29,39,0,3.2,clear sky
315,Luau,AO,-10.7073,22.2247,52.2,49,57,5.1,broken clouds
316,Sorland,NO,67.667,12.6934,44.78,77,100,12.57,overcast clouds
317,Pucara,PE,-15.9803,-71.4606,35.83,65,39,1.68,scattered clouds
318,Torbay,CA,47.6666,-52.7314,41.68,85,100,1.99,overcast clouds
319,Puerto Cabezas,NI,14.0351,-83.3888,77.9,80,94,7.99,overcast clouds
320,Dzhebariki-Khaya,RU,62.2167,135.8,58.91,60,100,11.68,light rain
321,Spodnja Idrija,SI,46.0319,14.0272,52.16,92,47,3.87,scattered clouds
322,Talara,PE,-4.5772,-81.2719,68.65,87,37,13.53,scattered clouds
323,Farafangana,MG,-22.8167,47.8333,65.77,89,2,4.43,clear sky
324,Vega De Alatorre,MX,20.0333,-96.6333,80.8,86,16,7.16,few clouds
325,Bubaque,GW,11.2833,-15.8333,77.74,70,23,10.8,few clouds
326,Manokwari,ID,-0.8667,134.0833,84.99,72,100,4.94,overcast clouds
327,Honiara,SB,-9.4333,159.95,83.62,75,76,1.43,broken clouds
328,San Policarpo,PH,12.1791,125.5072,83.34,79,99,2.8,moderate rain
329,Nouakchott,MR,18.0858,-15.9785,71.53,79,7,16.55,clear sky
330,Bulgan,MN,48.8125,103.5347,38.32,95,100,9.1,overcast clouds
331,Nelson Bay,AU,-32.7167,152.15,63.77,92,88,1.99,light rain
332,Westport,US,41.1415,-73.3579,49.62,86,100,1.01,overcast clouds
333,Sweetwater,US,25.7634,-80.3731,81.01,74,40,6.91,scattered clouds
334,Kavali,IN,14.9167,79.9833,93.11,46,42,18.9,scattered clouds
335,Smidovich,RU,48.6,133.8167,59.23,65,100,16.02,overcast clouds
336,Lagos,NG,6.5833,3.75,78.22,90,54,3.0,broken clouds
337,San Patricio,US,28.017,-97.5169,77.86,85,3,6.85,clear sky
338,Potosi,BO,-19.5836,-65.7531,39.88,57,99,2.62,overcast clouds
339,Carnarvon,AU,-24.8667,113.6333,69.42,59,55,9.82,broken clouds
340,Naze,JP,28.3667,129.4833,68.76,82,100,4.74,light rain
341,Keflavik,IS,64.0049,-22.5624,46.83,100,90,27.63,moderate rain
342,Maragogi,BR,-9.0122,-35.2225,75.04,84,67,4.12,broken clouds
343,Vila Velha,BR,-20.3297,-40.2925,66.94,83,7,10.22,clear sky
344,San Luis,AR,-33.295,-66.3356,49.24,58,77,6.15,broken clouds
345,Bitkine,TD,11.9801,18.2138,87.17,17,58,1.97,broken clouds
346,Swan Hill,AU,-35.3378,143.5544,58.73,32,0,6.8,clear sky
347,Kasiri,SL,8.9412,-13.1148,76.82,90,98,2.55,light rain
348,Meulaboh,ID,4.1363,96.1285,75.92,93,100,0.83,overcast clouds
349,Merrill,US,45.1805,-89.6835,50.72,76,1,0.0,clear sky
350,Palembang,ID,-2.9167,104.7458,80.69,89,75,5.75,broken clouds
351,Kelamangalam,IN,12.6,77.85,82.87,69,97,14.67,overcast clouds
352,Oum Hadjer,TD,13.2954,19.6966,86.54,12,11,9.08,few clouds
353,Shangrao,CN,28.4532,117.9686,78.51,74,51,4.16,broken clouds
354,Chapais,CA,49.7834,-74.8492,39.0,50,0,4.85,clear sky
355,Vagamo,NO,61.8751,9.0967,52.74,62,4,4.5,clear sky
356,Hervey Bay,AU,-25.2986,152.8535,71.71,60,100,7.0,overcast clouds
357,Carutapera,BR,-1.195,-46.02,75.16,95,17,4.97,few clouds
358,Neuquen,AR,-38.9516,-68.0591,46.4,57,10,6.69,clear sky
359,Kabrai,IN,25.4167,80.0167,87.57,51,0,5.73,clear sky
360,Kota Kinabalu,MY,5.9749,116.0724,87.78,79,20,4.61,few clouds
361,Qaanaaq,GL,77.484,-69.3632,29.1,91,98,3.42,overcast clouds
362,Pingxiang,CN,27.6167,113.85,78.66,79,97,0.6,light rain
363,Manzhouli,CN,49.6,117.4333,61.72,35,28,13.96,scattered clouds
364,Shingu,JP,33.7333,135.9833,71.91,56,99,5.41,overcast clouds
365,Sindor,RU,62.8629,51.8905,36.73,76,22,10.71,few clouds
366,Uvalde,US,29.3669,-99.767,76.53,61,1,6.64,clear sky
367,Hamilton,US,39.1834,-84.5333,54.45,70,1,1.01,clear sky
368,Leninskoye,KZ,41.7589,69.3864,80.53,31,53,3.67,broken clouds
369,Komsomolskiy,UZ,40.4272,71.7189,80.02,31,0,6.91,clear sky
370,Buckeye,US,33.3703,-112.5838,95.05,13,3,11.92,clear sky
371,Sur,OM,22.5667,59.5289,89.42,45,100,11.59,overcast clouds
372,Nagato,JP,34.3833,131.2,71.2,48,0,2.93,clear sky
373,Butte,US,39.6499,-121.5677,82.56,32,1,6.4,clear sky
374,Villa Bruzual,VE,9.3328,-69.1208,74.55,84,25,3.74,scattered clouds
375,Onega,RU,63.9061,38.1404,39.09,67,10,6.8,clear sky
376,Sao Felix Do Xingu,BR,-6.6447,-51.995,70.21,82,0,1.54,clear sky
377,San Jose,US,37.3394,-121.895,62.62,71,20,4.0,few clouds
378,Mocuba,MZ,-16.8392,36.9856,59.67,76,0,3.62,clear sky
379,Conceicao Do Araguaia,BR,-8.2578,-49.2647,72.57,70,0,1.03,clear sky
380,Shitanjing,CN,39.2342,106.3439,75.52,20,70,3.51,broken clouds
381,Edd,ER,13.9297,41.6925,88.65,52,7,1.74,clear sky
382,Joao Pinheiro,BR,-17.7425,-46.1725,69.12,56,36,2.39,scattered clouds
383,Port Augusta,AU,-32.5,137.7667,63.72,25,1,6.13,clear sky
384,Portland,US,45.5234,-122.6762,77.59,45,20,6.91,few clouds
385,Nizhniy Kuranakh,RU,58.8353,125.4869,66.92,34,50,4.14,scattered clouds
386,Kanungu,UG,-0.9575,29.7897,60.15,88,85,3.6,overcast clouds
387,Bakaly,RU,55.1789,53.8028,67.48,70,14,4.12,few clouds
388,Catuday,PH,16.2923,119.8062,84.72,72,91,4.76,overcast clouds
389,Ayagoz,KZ,47.9714,80.4392,64.85,24,0,17.09,clear sky
390,Vestmanna,FO,62.1564,-7.1664,43.72,100,90,9.98,overcast clouds
391,Gasa,PS,31.5,34.4667,69.78,82,2,1.19,clear sky
392,Paamiut,GL,61.994,-49.6678,34.83,97,100,7.63,overcast clouds
393,Akdepe,TM,42.0551,59.3788,87.8,16,0,16.89,clear sky
394,Kirakira,SB,-10.4544,161.9205,79.93,86,99,7.52,light rain
395,Praia Da Vitoria,PT,38.7333,-27.0667,61.75,85,13,8.68,few clouds
396,Puerto Escondido,MX,15.85,-97.0667,83.35,74,40,3.65,scattered clouds
397,Kloulklubed,PW,7.0419,134.2556,81.97,81,100,18.34,overcast clouds
398,Manica,FR,49.0,-1.1667,51.21,84,99,6.44,overcast clouds
399,Broome,US,42.2506,-75.833,49.01,84,90,1.01,overcast clouds
400,Fuzhou,CN,26.0614,119.3061,73.42,93,100,1.7,moderate rain
401,Berlevag,NO,70.8578,29.0864,40.55,86,100,25.3,overcast clouds
402,Sol-Iletsk,RU,51.1631,54.9918,71.17,62,19,9.24,few clouds
403,Coihaique,CL,-45.5752,-72.0662,39.15,87,95,2.3,overcast clouds
404,Tessalit,ML,20.1986,1.0114,89.46,8,59,4.21,broken clouds
405,Atar,MR,20.5169,-13.0499,86.94,25,95,15.08,overcast clouds
406,Harlingen,US,26.1906,-97.6961,80.78,75,1,5.75,clear sky
407,Cairns,AU,-16.9167,145.7667,79.11,74,75,8.05,broken clouds
408,Egvekinot,RU,66.3167,-179.1667,43.27,45,9,4.59,clear sky
409,Itoigawa,JP,37.0333,137.85,72.61,81,36,6.31,scattered clouds
410,Laguna,US,38.421,-121.4238,80.65,52,1,5.99,clear sky
411,Labytnangi,RU,66.6572,66.4183,44.49,48,50,8.97,scattered clouds
412,Jiaocheng,CN,24.6774,116.1389,84.07,83,100,3.89,overcast clouds
413,Rio Rancho,US,35.2334,-106.6645,82.49,13,1,1.01,clear sky
414,Korla,CN,41.7597,86.1469,79.66,24,62,16.24,broken clouds
415,Qaqortoq,GL,60.7167,-46.0333,39.7,96,100,6.38,light rain
416,Benguela,AO,-12.5763,13.4055,73.17,60,0,4.18,clear sky
417,Sao Jose Da Coroa Grande,BR,-8.8978,-35.1478,75.45,83,58,5.08,broken clouds
418,Mucurapo,TT,10.6667,-61.5333,80.26,76,1,9.31,clear sky
419,Morro Bay,US,35.3658,-120.8499,64.74,85,29,5.99,scattered clouds
420,Taltal,CL,-25.4,-70.4833,64.18,73,12,3.76,few clouds
421,Igarka,RU,67.4667,86.5833,32.16,83,7,8.88,clear sky
422,Ambalavao,MG,-21.8333,46.9333,54.23,71,0,1.5,clear sky
423,Sabang,ID,5.8933,95.3214,82.42,72,100,12.97,overcast clouds
424,Poum,NC,-20.2333,164.0167,71.74,60,99,15.99,overcast clouds
425,Quatre Cocos,MU,-20.2078,57.7625,74.08,82,39,7.2,scattered clouds
426,Kailua,US,21.4022,-157.7394,80.58,61,90,10.36,overcast clouds
427,Boda,CF,4.3189,17.4695,69.98,93,78,2.13,broken clouds
428,Buchanan,LR,5.8808,-10.0467,78.73,88,96,5.14,moderate rain
429,Cedar City,US,37.6775,-113.0619,69.4,17,1,5.75,clear sky
430,Lebu,CL,-37.6167,-73.65,48.2,77,39,2.95,scattered clouds
431,Sira,IN,13.7453,76.9092,79.45,63,21,14.05,few clouds
432,Thunder Bay,CA,48.4001,-89.3168,38.55,64,100,3.09,overcast clouds
433,El Limon,VE,10.3059,-67.6321,71.22,84,100,4.43,overcast clouds
434,Sarangani,PH,5.4033,125.4636,83.97,76,100,15.57,overcast clouds
435,Mount Isa,AU,-20.7333,139.5,74.97,17,0,8.05,clear sky
436,Koszalin,PL,54.1944,16.1722,49.68,85,2,7.14,clear sky
437,Mahdalynivka,UA,48.921,34.9156,57.76,94,44,7.78,scattered clouds
438,Borger,NL,52.9233,6.7931,48.79,95,7,1.34,clear sky
439,Oistins,BB,13.0667,-59.5333,80.69,65,40,19.57,scattered clouds
440,Kandrian,PG,-6.2167,149.55,81.59,83,82,13.0,light rain
441,Delano,US,35.7688,-119.247,86.58,24,1,13.06,clear sky
442,Samana,DO,19.2056,-69.3369,75.49,90,62,6.46,broken clouds
443,Sovetskiy,RU,61.3614,63.5842,60.22,84,90,6.38,overcast clouds
444,Bardsir,IR,29.9227,56.5743,64.45,18,0,2.37,clear sky
445,Cerkezkoy,TR,41.285,28.0003,61.21,100,12,2.8,few clouds
446,Siva,EG,29.2041,25.5195,79.3,26,0,12.28,clear sky
447,Elko,US,41.0002,-115.5012,69.82,18,100,7.0,overcast clouds
448,Guerrero Negro,MX,27.9769,-114.0611,59.92,81,64,19.17,broken clouds
449,Pundaguitan,PH,6.3711,126.1689,82.89,76,100,8.66,overcast clouds
450,Xuddur,SO,4.1213,43.8894,71.94,73,94,8.37,overcast clouds
451,Moranbah,AU,-22.0016,148.0466,73.78,38,2,18.37,clear sky
452,Hay River,CA,60.8156,-115.7999,53.53,54,21,3.44,few clouds
453,Isangel,VU,-19.55,169.2667,75.45,56,100,7.09,overcast clouds
454,Bouna,CI,9.2667,-3.0,76.44,73,56,6.33,broken clouds
455,Huarmey,PE,-10.0681,-78.1522,65.14,91,36,7.2,scattered clouds
456,Pevek,RU,69.7008,170.3133,41.94,57,1,1.83,clear sky
457,Bonavista,CA,48.6499,-53.1147,41.11,83,94,13.87,overcast clouds
458,Los Negros,BO,-17.7333,-63.4333,72.95,73,88,8.16,moderate rain
459,Sedalia,US,38.7045,-93.2283,55.31,62,1,4.61,clear sky
460,Kendari,ID,-3.945,122.4989,87.24,62,75,2.24,broken clouds
461,Auki,SB,-8.7676,160.7034,81.28,82,97,3.15,overcast clouds
462,Tilichiki,RU,60.4667,166.1,46.45,64,96,1.32,overcast clouds
463,Coahuayana,MX,18.7333,-103.6833,76.53,68,95,0.98,overcast clouds
464,Suntar,RU,62.1444,117.6319,71.47,29,95,5.84,overcast clouds
465,Muli,MV,2.9167,73.5667,83.95,72,86,19.53,overcast clouds
466,Nouadhibou,MR,20.931,-17.0347,66.25,88,100,20.74,overcast clouds
467,Bouloupari,NC,-21.8667,166.05,71.51,61,85,9.6,overcast clouds
468,Qandala,SO,11.472,49.8728,87.39,57,0,4.43,clear sky
469,Mezen,RU,65.8522,44.24,36.01,77,99,11.34,overcast clouds
470,Cassilandia,BR,-19.1133,-51.7342,70.95,62,82,4.07,broken clouds
471,Adrar,MR,20.5022,-10.0711,90.5,16,95,8.12,overcast clouds
472,Livingstonia,MW,-10.606,34.1063,54.95,76,5,2.1,clear sky
473,Bossangoa,CF,6.4926,17.4552,70.52,91,97,4.72,light rain
474,Dalhousie,IN,32.5333,75.9833,72.61,28,9,1.23,clear sky
475,Sept-Iles,CA,50.2001,-66.3821,42.06,75,7,3.47,clear sky
476,Vieux Fort,LC,13.7167,-60.95,79.92,74,20,19.57,few clouds
477,Cordoba,AR,-31.4135,-64.1811,52.75,55,0,5.7,clear sky
478,Teya,RU,60.3778,92.6267,45.5,48,78,8.46,broken clouds
479,Whitehorse,CA,60.7161,-135.0538,53.02,60,100,13.0,overcast clouds
480,Christchurch,NZ,-43.5333,172.6333,55.6,89,90,8.01,moderate rain
481,Kralendijk,BQ,12.15,-68.2667,80.58,74,100,12.66,overcast clouds
482,Naryan-Mar,RU,67.6713,53.087,36.52,72,99,16.37,overcast clouds
483,Jipijapa,EC,-1.3333,-80.5833,69.3,92,64,3.33,broken clouds
484,Zhangye,CN,38.9342,100.4517,82.04,15,0,0.76,clear sky
485,Celestun,MX,20.8667,-90.4,80.42,77,10,14.07,clear sky
486,Ahipara,NZ,-35.1667,173.1667,56.57,77,99,12.3,overcast clouds
487,Sayat,TM,38.7839,63.8803,94.32,14,0,6.06,clear sky
488,Valdepenas,ES,38.7621,-3.3848,70.03,49,100,6.49,overcast clouds
489,Vilhena,BR,-12.7406,-60.1458,68.2,67,96,2.13,overcast clouds
490,Boa Vista,BR,2.8197,-60.6733,74.55,97,100,3.11,overcast clouds
491,Jerez,GT,14.1,-89.75,69.96,95,90,1.63,overcast clouds
492,West Richland,US,46.3043,-119.3614,76.39,31,1,6.91,clear sky
493,Bireun,ID,5.203,96.7009,85.33,62,100,2.44,overcast clouds
494,Sorong,ID,-0.8833,131.25,81.73,86,100,15.61,overcast clouds
495,Ler,SS,8.3018,30.1418,77.11,64,3,4.94,clear sky
496,Luderitz,NA,-26.6481,15.1594,58.96,57,63,11.7,broken clouds
497,Kem,RU,64.9555,34.5793,39.09,60,24,8.97,few clouds
498,Sao Geraldo Do Araguaia,BR,-6.4006,-48.555,75.4,82,73,1.16,broken clouds
499,Slave Lake,CA,55.2834,-114.769,54.3,70,62,3.49,broken clouds
500,Fort Smith,US,35.3859,-94.3986,63.34,71,1,7.0,clear sky
501,North Bend,US,43.4065,-124.2243,58.91,85,90,10.36,overcast clouds
502,Verkhnevilyuysk,RU,63.4453,120.3167,68.86,33,24,9.1,few clouds
503,Hongjiang,CN,27.11,109.9956,73.63,84,100,3.29,overcast clouds
504,Mazagao,BR,-0.115,-51.2894,80.65,94,9,3.18,clear sky
505,Crowley,US,30.2141,-92.3746,73.4,92,9,8.43,clear sky
506,Phan Thiet,VN,10.9333,108.1,89.55,60,16,8.1,few clouds
507,Stubbekobing,DK,54.8887,12.041,47.05,84,5,3.67,clear sky
508,Dagua,CO,3.6569,-76.6886,72.1,97,99,1.19,overcast clouds
509,Tibiri,NE,13.5627,7.0485,89.01,31,89,7.7,overcast clouds
510,Oranjemund,NA,-28.55,16.4333,55.98,79,100,9.22,overcast clouds
511,Werda,BW,-25.2667,23.2833,50.38,46,15,7.31,few clouds
512,Svetlaya,RU,46.5389,138.3297,43.34,94,100,14.81,overcast clouds
513,Chlorakas,CY,34.8042,32.4083,67.23,66,0,0.83,clear sky
514,Tongzi,CN,28.7829,105.0877,72.81,83,100,1.74,overcast clouds
515,Xudat,AZ,41.631,48.681,70.12,58,100,2.19,overcast clouds
516,Winslow,US,35.0242,-110.6974,77.18,6,1,14.97,clear sky
517,Barras,BR,-4.2444,-42.2944,77.16,70,74,4.23,broken clouds
518,San Jeronimo,PE,-11.9472,-75.2829,46.72,84,81,2.3,broken clouds
519,Barsovo,RU,61.1667,73.1667,62.73,64,100,11.7,overcast clouds
520,Chor,PK,25.5167,69.7667,88.11,62,8,19.01,clear sky
521,Burgeo,CA,47.6167,-57.6152,41.94,83,100,8.05,overcast clouds
522,Castanos,MX,26.7833,-101.4167,76.82,72,71,5.61,broken clouds
523,Avera,US,33.194,-82.5271,71.47,57,67,12.17,broken clouds
524,Ossora,RU,59.2353,163.0719,42.06,76,100,6.44,overcast clouds
525,Huilong,CN,31.8111,121.655,86.99,67,55,7.43,broken clouds
526,Giyani,ZA,-23.3025,30.7187,56.46,62,0,3.18,clear sky
527,Yondo,CO,7.0062,-73.9097,72.77,95,99,1.14,overcast clouds
528,Basco,PH,20.4487,121.9702,84.85,78,84,17.13,broken clouds
529,Pervomayskiy,RU,53.2485,40.2871,54.28,97,100,13.04,overcast clouds
530,Roald,NO,62.5833,6.1333,52.16,93,90,10.36,overcast clouds
531,Apt,FR,43.8833,5.4,61.09,79,77,3.22,broken clouds
532,Greymouth,NZ,-42.4667,171.2,45.46,91,100,11.9,light rain
533,Port Shepstone,ZA,-30.7414,30.455,61.29,68,0,12.95,clear sky
534,Miri,MY,4.4148,114.0089,84.09,73,70,0.81,broken clouds
535,Prado,BR,-17.3411,-39.2208,73.89,91,42,6.82,scattered clouds
536,Mangrol,IN,21.1167,70.1167,84.27,72,100,8.84,overcast clouds
537,Manuk Mangkaw,PH,4.8,119.85,84.58,70,90,6.6,overcast clouds
538,Rawson,AR,-43.3002,-65.1023,42.39,48,0,7.05,clear sky
539,Lukovetskiy,RU,64.2956,41.9211,37.38,63,16,7.7,light rain
540,Tukrah,LY,32.5341,20.5791,69.33,80,63,15.37,broken clouds
541,Lakhnadon,IN,22.6,79.6,91.36,37,15,11.68,few clouds
542,Rabo De Peixe,PT,37.8,-25.5833,62.11,77,75,7.58,broken clouds
543,Mpika,ZM,-11.8343,31.4529,50.77,66,16,3.67,few clouds
544,Labuan,MY,5.2767,115.2417,87.96,74,62,7.78,broken clouds
545,Morant Bay,JM,17.8815,-76.4093,75.65,85,9,5.32,clear sky
546,Mount Gambier,AU,-37.8333,140.7667,56.89,47,14,4.21,few clouds
547,Salamiyah,SY,35.0113,37.0532,61.32,88,0,6.44,clear sky
548,Campina Grande Do Sul,BR,-25.3056,-49.0553,63.52,83,12,1.66,moderate rain
549,Sinnamary,GF,5.3833,-52.95,77.41,90,80,9.48,broken clouds
550,Poronaysk,RU,49.2167,143.1167,39.34,94,100,16.67,overcast clouds
551,Hauterive,FR,46.0901,3.4459,54.36,95,20,2.19,few clouds
552,Mpongwe,ZM,-13.5091,28.155,48.36,64,0,2.57,clear sky
553,Lardos,GR,36.0942,28.0157,69.94,75,0,5.79,clear sky
554,Severobaykalsk,RU,55.65,109.3167,41.61,56,48,3.15,scattered clouds
555,Yanam,IN,16.7333,82.2167,90.0,51,100,5.73,overcast clouds
556,Price,US,39.5994,-110.8107,70.86,21,1,4.61,clear sky
557,Kidal,ML,18.4411,1.4078,90.55,6,99,5.53,overcast clouds
558,Doha,QA,25.2867,51.5333,93.18,33,0,4.61,clear sky
559,Miles City,US,46.4083,-105.8406,59.5,50,1,8.05,clear sky
560,Jabinyanah,TN,35.035,10.9081,66.22,81,3,10.58,clear sky
561,Dire Dawa,ET,9.5931,41.8661,67.75,55,1,7.58,clear sky
562,Balaipungut,ID,1.05,101.2833,84.61,58,33,4.43,scattered clouds
563,Belmonte,BR,-15.8631,-38.8828,75.7,86,67,5.14,broken clouds
564,Nabire,ID,-3.3667,135.4833,88.3,63,100,3.69,overcast clouds
565,Wanaka,NZ,-44.7,169.15,45.37,96,100,9.08,overcast clouds
566,Manado,ID,1.487,124.8455,92.17,58,20,4.7,few clouds
567,Utuado,PR,18.2655,-66.7004,79.12,95,0,2.24,clear sky
568,Puerto Carreno,CO,6.189,-67.4859,77.76,84,62,2.71,broken clouds
569,Nanakuli,US,21.3906,-158.1547,80.55,61,20,4.94,few clouds
570,Palana,RU,59.1167,159.9667,38.48,76,92,9.4,overcast clouds
571,Bhuban,IN,20.8833,85.8333,87.89,69,74,7.52,broken clouds
572,Birao,CF,10.2849,22.7882,82.65,31,53,5.1,broken clouds
573,Moose Factory,CA,51.2585,-80.6094,48.78,44,20,7.56,few clouds
574,Port-Gentil,GA,-0.7193,8.7815,79.38,85,78,10.18,broken clouds
575,Walvis Bay,NA,-22.9575,14.5053,56.08,82,42,5.1,scattered clouds
576,Portobelo,PA,9.55,-79.65,76.05,87,100,3.38,overcast clouds
577,Flinders,AU,-34.5833,150.8552,62.19,64,84,4.0,broken clouds
578,Doka,SD,13.5167,35.7667,85.82,38,96,11.99,overcast clouds
579,Lages,BR,-27.8161,-50.3261,48.36,99,37,2.51,scattered clouds
580,San Quintin,MX,30.4833,-115.95,58.71,83,5,18.21,clear sky
581,Viseu,PT,40.661,-7.9097,53.87,87,17,1.74,few clouds
582,Ouesso,CG,1.6136,16.0517,70.66,96,95,1.07,overcast clouds
583,Riyadh,SA,24.6877,46.7219,87.85,16,0,0.0,clear sky
584,Mbekenyera,TZ,-10.0,38.9833,62.06,96,2,1.54,clear sky
585,Imbituba,BR,-28.24,-48.6703,62.22,87,43,8.66,scattered clouds
586,Merauke,ID,-8.4667,140.3333,83.89,59,94,10.13,overcast clouds
587,Arman,RU,59.7,150.1667,40.21,86,100,5.88,overcast clouds
588,Mazamari,PE,-11.3258,-74.5308,72.63,78,100,1.88,overcast clouds
589,Anuradhapura,LK,8.3565,80.4173,83.75,72,100,15.03,overcast clouds
590,Hovd,MN,48.0056,91.6419,50.11,44,61,7.67,broken clouds
591,Mafinga,TZ,-7.25,35.0667,58.21,88,15,1.92,few clouds
592,Odienne,CI,9.51,-7.5692,75.11,76,63,3.38,broken clouds
593,Le Port,RE,-20.9373,55.2919,68.0,65,0,4.03,clear sky
594,Vigrestad,NO,58.5667,5.7,48.96,88,4,13.85,clear sky
595,Ajdabiya,LY,30.7554,20.2263,73.54,56,17,11.07,few clouds
596,Aquiraz,BR,-3.9014,-38.3911,81.18,82,81,6.78,broken clouds
597,Stockerau,AT,48.383,16.1996,51.84,79,38,8.63,scattered clouds
598,Aswan,EG,24.0934,32.907,85.71,25,100,13.6,overcast clouds
599,Shaunavon,CA,49.6501,-108.4181,52.57,56,65,8.7,broken clouds
600,Ermoupolis,GR,37.4423,24.9425,69.28,68,0,4.61,clear sky
601,Leh,IN,34.1667,77.5833,52.18,33,91,3.47,overcast clouds
602,Oriximina,BR,-1.7656,-55.8661,76.05,87,43,2.89,scattered clouds
603,Biak,ID,-0.9131,122.8766,82.72,71,97,5.79,overcast clouds
604,Amapa,BR,1.0,-52.0,71.26,99,16,1.92,few clouds
605,Mullovka,RU,54.2,49.4,66.02,86,96,3.8,overcast clouds
606,Acapulco,MX,16.8634,-99.8901,82.78,74,100,2.3,overcast clouds
607,Saint-Leu,RE,-21.15,55.2833,67.06,65,0,4.76,clear sky
608,Tadine,NC,-21.55,167.8833,72.34,59,100,15.03,overcast clouds
609,Novaya Lyalya,RU,59.055,60.599,63.95,84,87,3.83,overcast clouds
610,Wahpeton,US,46.2652,-96.6059,57.02,87,90,10.36,overcast clouds
611,Mattru,SL,7.6244,-11.8332,76.03,95,93,2.68,light rain
612,Jiamusi,CN,46.8333,130.35,69.6,48,56,7.7,broken clouds
613,Strezhevoy,RU,60.7333,77.5889,55.38,72,100,11.61,overcast clouds
614,Intipuca,SV,13.1969,-88.0544,77.18,88,8,4.09,clear sky
615,Galveston,US,29.3669,-94.9669,81.21,84,1,5.37,clear sky
616,Crown Point,US,41.417,-87.3653,51.04,66,1,7.61,clear sky
617,Atherton,GB,53.5237,-2.4935,55.29,87,3,3.27,clear sky
618,Sao Sebastiao,BR,-23.76,-45.4097,72.93,84,86,2.8,light rain
619,Port Hedland,AU,-20.3167,118.5667,78.85,29,90,9.22,light rain
620,Ialibu,PG,-6.2821,143.9935,66.43,69,98,3.83,overcast clouds
621,Pecos,US,31.4229,-103.4932,81.82,41,1,18.41,clear sky
622,Coracora,PE,-15.0333,-73.7833,46.29,74,94,1.41,overcast clouds
623,Kununurra,AU,-15.7667,128.7333,84.18,24,68,8.05,broken clouds
624,Kohima,IN,25.6667,94.1167,78.55,53,5,3.02,clear sky
625,Muncar,ID,-8.4333,114.3333,82.96,73,30,5.53,scattered clouds
626,Bestobe,KZ,52.4994,73.0975,70.27,34,4,18.86,clear sky
627,Oussouye,SN,12.485,-16.5469,73.18,76,17,9.46,few clouds
628,Gulu,UG,2.7746,32.299,63.68,97,82,4.92,broken clouds
629,Mangai,CD,-4.05,19.5333,70.47,79,73,0.43,broken clouds
630,Curuca,BR,-0.7289,-47.8481,73.81,95,32,4.03,scattered clouds
631,Garachine,PA,8.0647,-78.3628,76.37,93,100,2.98,overcast clouds
632,Ambulu,ID,-8.345,113.6058,83.93,70,40,3.53,scattered clouds
633,Viedma,AR,-40.8135,-62.9967,43.39,54,14,7.36,few clouds
634,Fez,MA,34.0372,-4.9998,75.45,60,0,3.2,clear sky
635,Cotonou,BJ,6.3654,2.4183,81.39,81,33,6.91,scattered clouds
636,Dolores,AR,-36.3132,-57.6792,39.69,75,25,8.75,scattered clouds
637,Nikita,UA,44.5333,34.2333,53.73,88,72,8.9,broken clouds
638,Birnin Kebbi,NG,12.4539,4.1975,86.38,33,23,8.43,few clouds
639,Ust-Kan,RU,50.9276,84.761,52.11,48,5,3.62,clear sky
640,Okha,RU,53.5739,142.9478,39.69,81,100,14.74,overcast clouds
641,Chunskiy,RU,56.0815,99.6342,39.87,58,99,9.98,overcast clouds
642,Uyo,NG,5.0333,7.9266,74.12,95,67,1.45,broken clouds
643,Mana,GF,5.6592,-53.7767,77.23,91,98,8.16,overcast clouds
644,Olinda,BR,-8.0089,-34.8553,71.33,88,40,9.22,scattered clouds
645,Lasa,IT,46.6166,10.7002,44.37,91,18,5.06,few clouds
646,Vallenar,CL,-28.5708,-70.7581,64.08,51,1,2.89,clear sky
647,Prince Rupert,CA,54.3161,-130.3201,53.64,73,100,3.8,overcast clouds
648,Nisia Floresta,BR,-6.0911,-35.2086,76.01,88,10,8.28,clear sky
649,Lodwar,KE,3.1191,35.5973,78.8,57,38,14.14,scattered clouds
650,Guarapari,BR,-20.6667,-40.4975,75.09,79,4,7.27,clear sky
651,Sarankhola,BD,22.3082,89.7897,91.85,56,30,8.37,scattered clouds
652,Cardenas,CU,23.0375,-81.2047,75.6,83,67,2.28,broken clouds
653,Moroto,UG,2.5345,34.6666,64.0,80,57,7.07,broken clouds
654,Klyuchi,RU,52.2667,79.1667,66.56,37,7,7.14,clear sky
655,Belaya Gora,RU,68.5333,146.4167,62.58,32,18,17.2,few clouds
656,Skibotn,NO,69.3913,20.2679,42.48,82,34,4.0,scattered clouds
657,Zhezkazgan,KZ,47.8043,67.7144,78.28,30,52,11.12,broken clouds
658,Bayir,TR,37.2687,28.2167,52.63,69,1,3.53,clear sky
659,Takoradi,GH,4.8845,-1.7554,80.02,85,84,6.24,light rain
660,Erenhot,CN,43.6475,111.9767,61.45,35,2,4.27,clear sky
661,Charleston,US,32.7766,-79.9309,79.02,85,75,5.99,broken clouds
662,Vaitape,PF,-16.5167,-151.75,80.26,71,85,10.02,overcast clouds
663,Shahrud,IR,36.4182,54.9763,80.46,15,0,1.86,clear sky
664,Esso,RU,55.9333,158.7,45.5,66,85,4.85,overcast clouds
665,Alexandria,EG,31.2156,29.9553,69.48,65,0,5.26,clear sky
666,Kenai,US,60.5544,-151.2583,47.03,93,90,18.41,light rain
667,Karmaskaly,RU,54.3709,56.1837,71.46,53,61,3.65,broken clouds
668,Guararema,BR,-23.415,-46.035,72.52,84,100,0.51,overcast clouds
669,Nemuro,JP,43.3236,145.575,50.72,89,70,14.47,broken clouds
670,Ternate,ID,0.8,127.4,83.82,76,67,10.25,broken clouds
671,Aketi,CD,2.7388,23.7833,69.69,91,100,2.28,overcast clouds
672,Chibuto,MZ,-24.6867,33.5306,60.19,94,2,2.64,clear sky
673,Brignoles,FR,43.4,6.0667,59.95,77,70,1.01,broken clouds
674,Jurado,CO,7.1053,-77.7641,75.34,93,100,1.43,overcast clouds
675,Maniitsoq,GL,65.4167,-52.9,36.37,81,5,12.06,clear sky
676,Mabopane,ZA,-25.4977,28.1007,53.44,34,66,4.16,broken clouds
677,Ampanihy,MG,-24.7,44.75,61.47,86,0,4.81,clear sky
678,Siniscola,IT,40.5719,9.6922,63.95,54,59,4.5,broken clouds
679,Roura,GF,4.7263,-52.3274,78.96,100,75,1.83,broken clouds
680,Bandarbeyla,SO,9.4942,50.8122,78.51,80,3,21.47,clear sky
681,Ingham,US,42.6,-84.3833,50.18,61,1,3.44,clear sky
682,Gotsu,JP,35.0,132.2167,70.72,47,0,5.21,clear sky
683,Santo Domingo,DO,18.5001,-69.9886,80.04,81,0,1.99,clear sky
684,Panguna,PG,-6.3164,155.4848,78.91,73,54,1.83,light rain
685,Pandan,PH,14.0453,124.1694,87.55,67,85,1.1,overcast clouds
686,Karaton,ID,-6.3424,106.1045,86.16,64,96,2.66,overcast clouds
687,Dharmavaram,IN,14.4333,77.7167,84.52,57,11,14.99,few clouds
688,Tartagal,AR,-22.5164,-63.8013,64.09,52,100,5.3,overcast clouds
689,Palmer,US,42.1584,-72.3287,47.01,76,100,1.01,overcast clouds
690,Abu Samrah,SY,35.3029,37.1841,62.29,83,0,6.04,clear sky
691,Tura,IN,25.5198,90.2201,81.27,81,9,4.27,clear sky
692,Inongo,CD,-1.95,18.2667,71.76,86,95,3.94,overcast clouds
693,Port Lincoln,AU,-34.7333,135.8667,59.92,42,49,9.66,scattered clouds
694,Porto Seguro,BR,-16.4497,-39.0647,75.72,88,20,3.44,few clouds
695,Karratha,AU,-20.7377,116.8463,71.06,88,98,6.15,light rain
696,Aosta,IT,45.7667,7.4167,46.0,71,23,1.9,few clouds
697,Abu Zabad,SD,12.35,29.25,85.66,38,3,9.08,clear sky
698,Beringovskiy,RU,63.05,179.3167,34.59,81,10,9.4,clear sky
699,Piscu,RO,45.5,27.7333,59.49,76,100,3.27,overcast clouds
700,Jumla,NP,29.2747,82.1838,64.31,72,39,4.63,scattered clouds
701,Paita,PE,-5.0892,-81.1144,68.2,84,1,13.58,clear sky
702,Itoman,JP,26.1247,127.6694,75.22,83,75,13.8,light rain
703,Jatiroto,ID,-7.8833,111.1167,81.21,77,97,3.31,overcast clouds
